{
    "train_loss": [
        0.29783734679222107,
        0.3124159872531891,
        0.340313583612442,
        0.2729906737804413
    ],
    "train_perplexity": [
        1.3469427824020386,
        1.3667230606079102,
        1.4053882360458374,
        1.3138879537582397
    ],
    "val_loss": [
        1.0870662927627563
    ],
    "val_perplexity": [
        2.9655611515045166
    ],
    "learning_rate": [
        0.0005714285714285714
    ],
    "epoch": [
        0
    ]
}