{
    "train_loss": [
        0.3124160170555115,
        0.30737611651420593,
        0.32597991824150085,
        0.2729906737804413
    ],
    "train_perplexity": [
        1.3667231798171997,
        1.3598523139953613,
        1.3853875398635864,
        1.3138879537582397
    ],
    "val_loss": [
        1.0841110944747925
    ],
    "val_perplexity": [
        2.956810235977173
    ],
    "learning_rate": [
        0.0005714285714285714
    ],
    "epoch": [
        0
    ]
}