{
    "train_loss_per_step": [
        0.47077056765556335,
        0.42315202951431274,
        0.4692080020904541,
        0.38486069440841675,
        0.52851402759552,
        0.4078775644302368,
        0.35244059562683105,
        0.4243151545524597,
        0.31975147128105164,
        0.3066394329071045,
        0.4349474608898163,
        0.3396824598312378,
        0.4118139147758484,
        0.368365615606308,
        0.41745755076408386,
        0.4365703761577606,
        0.500666618347168,
        0.40739020705223083,
        0.2998104691505432,
        0.4184156060218811,
        0.42499586939811707,
        0.3240796625614166,
        0.28974097967147827,
        0.3162454664707184,
        0.37430140376091003,
        0.4213744103908539,
        0.35569632053375244,
        0.3936022222042084,
        0.34390076994895935,
        0.370313823223114,
        0.39704498648643494,
        0.38967010378837585
    ],
    "val_loss_per_step": [
        1.2188987731933594,
        0.9696266651153564,
        0.9241398572921753,
        1.0291500091552734,
        0.8964269757270813,
        0.9309266209602356,
        1.0006929636001587,
        1.1984870433807373
    ],
    "learning_rate": [
        5.333333333333333e-05,
        0.0
    ],
    "epoch": [
        1,
        2
    ],
    "train_loss_per_epoch": [
        0.40602293610572815,
        0.37670305371284485
    ],
    "val_loss_per_epoch": [
        1.0354537963867188,
        1.0066334009170532
    ]
}